<?xml version="1.0" encoding="utf-8"?>
<odoo>
    <data>


        <!--       this is the email template which will be automatically called when a vendor adjustment request is Generated -->

        <record id="sending_vendor_adjustment_request_email" model="mail.template">
            <field name="name">Vendor Adjustment Request Email</field>
            <field name="model_id" ref="vendor_self_service_portal.model_vendor_adjustment_request"/>
            <field name="email_from">{{object.vendor_id.email}}</field> <!-- please change this setting acc to your requirement -->
            <field name="email_to">fatmug@example.com</field> <!-- please change this setting acc to your requirement -->
            <field name="subject">Vendor Adjustment Request</field>
            <field name="body_html" type="html">
                <style>
                    .st{
                    background-color:green;
                    padding:20px 30px;
                    color:white;
                    display:inline-block;
                    font-size:22px;
                    font-weight:bold;
                    }
                </style>
                <div>
                    <h5>
                        Dear Futmug Designers
                    </h5>
                    <p>Vendor #
                        <span class='st mx-3' t-out="object.vendor_id.name"/>
                        Has Requested Adjustments for
                        <span style="margin-right:10px;">Order No#</span>
                        <span class="st" t-out="object.order_id.name"></span>
                    </p>
                    <br></br>
                    <p class="st">Adjustment Details</p>
                    <p t-out="object.adjustment_detail or ''"/>
                    <br></br>
                    <p class="st">Comment:</p>
                    <p t-out="object.comment or ''"/>
                    <h4>
                        <p>Thank you,</p>
                    </h4>
                </div>
            </field>
        </record>

    </data>
</odoo>