<?xml version="1.0" encoding="utf-8"?>
<odoo>
    <data>

        <record id="module_category_vendor_root" model="ir.module.category">
            <field name="name">Vendor Self Service Portal</field>
            <field name="sequence">1</field>
        </record>

        <record id="module_category_vendor_category" model="ir.module.category">
            <field name="name">is_vendor</field>
            <field name="parent_id" ref="vendor_self_service_portal.module_category_vendor_root"/>
        </record>



         <record id="group_is_vendor" model="res.groups">
            <field name="name">Yes</field>
            <field name="category_id" ref="vendor_self_service_portal.module_category_vendor_category"/>
        </record>



        <record id="vendor_forecast_view_rule_vendor" model="ir.rule">
            <field name="name">User can only see their own records</field>
            <field name="model_id" ref="model_vendor_forecast"/>
            <field name="active" eval="True"/>
            <field name="domain_force">[('vendor_id', '=', user.partner_id.id)]</field>
            <field name="groups" eval="[(4, ref('vendor_self_service_portal.group_is_vendor'))]"/>
        </record>




        <record id="vendor_adjustment_request_vendor" model="ir.rule">
            <field name="name">User can only see their own records and admin see All</field>
            <field name="model_id" ref="model_vendor_adjustment_request"/>
            <field name="active" eval="True"/>
            <field name="domain_force">['|',('vendor_id', '=', user.partner_id.id),('create_uid','=',user.id)]</field>
        </record>


    </data>
</odoo>